case_id,title,authenticity,evidence_level,synthetic,industry,item_type,jurisdiction,amount,currency,card_network,original_reason_code,reason_code,cardholder_claim,merchant_claim,core_conflict,dispute_stage,chargeback_outcome,adjudication_outcome,outcome_scope,result_summary,redo_action,special_tags,responsible_team,manual_review_reason,oceanpilot_can_handle,product_gap,recommendation,source_id,rule_basis,import_outcome,notes
PUB-001,未授权理由被商户身份链反驳,PUBLIC_FINAL_DECISION,A-PUBLIC-FINAL,false,专业服务,数字服务,英国,429,GBP,NOT_DISCLOSED,NOT_DISCLOSED,FRAUD_CARD_NOT_PRESENT,消费者先称不认识交易，后承认本人付款但质疑服务,商户证明真实卡资料、长期账户、邮箱手机验证、稳定网络和服务履行,商户综合身份与服务证据反驳未授权主张,FINAL_PUBLIC_DECISION,MERCHANT_PREVAILED,COMPLAINT_NOT_UPHELD,FOS_FINAL_DECISION,真实结果：拒付失败，临时退款收回；银行误称可二次拒付，仅另赔£50,先确认主张究竟是未授权还是服务争议；不能在一次失败后随意换理由重提,PUBLIC_DECISION,RISK,PUBLIC_CASE_NOT_IMPORTABLE,PARTIAL,先确认主张究竟是未授权还是服务争议；不能在一次失败后随意换理由重提,先确认主张究竟是未授权还是服务争议；不能在一次失败后随意换理由重提,SRC-DRN-4956156,公开最终决定事实摘要；不推断未披露字段,,真实公开案例不进入CaseSampleRecord导入文件。
PUB-002,自动续订但无取消证明,PUBLIC_FINAL_DECISION,A-PUBLIC-FINAL,false,订阅服务,数字订阅,英国,115.13,GBP,NOT_DISCLOSED,NOT_DISCLOSED,SUBSCRIPTION_CANCELED,消费者称续订前已取消，但没有确认邮件或表单回执,平台指出消费者承认订阅且条款写明自动续订,取消时间与续订扣款的先后无法由证据证明,FINAL_PUBLIC_DECISION,NOT_RAISED,COMPLAINT_NOT_UPHELD,FOS_FINAL_DECISION,真实结果：因缺取消证明未继续拒付；申诉专员认为成功前景很低,产品应在取消提交时生成不可抵赖回执，并保留条款版本,PUBLIC_DECISION,CUSTOMER_SUPPORT,PUBLIC_CASE_NOT_IMPORTABLE,PARTIAL,产品应在取消提交时生成不可抵赖回执，并保留条款版本,产品应在取消提交时生成不可抵赖回执，并保留条款版本,SRC-DRN-5553620,公开最终决定事实摘要；不推断未披露字段,,真实公开案例不进入CaseSampleRecord导入文件。
PUB-003,定制商品多次承诺送达仍未交付,PUBLIC_FINAL_DECISION,A-PUBLIC-FINAL,false,家居零售,实体商品,英国,2391.34,GBP,VISA,NOT_DISCLOSED,PRODUCT_NOT_RECEIVED,消费者称商品从未送达且多次承诺日期落空,商户以定制不可取消、已可安排配送为抗辩,商户抗辩没有正面证明在约定日期送达,FINAL_PUBLIC_DECISION,DISCONTINUED,COMPLAINT_UPHELD,FOS_FINAL_DECISION,真实结果：银行停止争议；申诉专员认为应继续并判银行赔付及利息,分类必须围绕未交付事实，定制/不可退不是未收到的直接反驳,PUBLIC_DECISION,CUSTOMER_SUPPORT,PUBLIC_CASE_NOT_IMPORTABLE,PARTIAL,分类必须围绕未交付事实，定制/不可退不是未收到的直接反驳,分类必须围绕未交付事实，定制/不可退不是未收到的直接反驳,SRC-DRN-4634402,公开最终决定事实摘要；不推断未披露字段,,真实公开案例不进入CaseSampleRecord导入文件。
PUB-004,错误理由码导致唯一机会浪费,PUBLIC_FINAL_DECISION,A-PUBLIC-FINAL,false,电商零售,实体商品,英国,85.97,GBP,NOT_DISCLOSED,REFUND_NOT_RECEIVED_USED_IN_ERROR,PRODUCT_NOT_RECEIVED,消费者未收到任何商品；商户邮件对是否收款/退款互相矛盾,商户以未收到退货为由抗辩退款未到账,实际事实是未收到商品，却选择退款未到账理由,FINAL_PUBLIC_DECISION,MERCHANT_PREVAILED,COMPLAINT_UPHELD,FOS_FINAL_DECISION,真实结果：错误理由码下拒付失败；申诉专员判银行退还款项并赔偿,必须先问清商品是否收到、退款是否承诺，再锁定理由码,WRONG_REASON_CODE,CUSTOMER_SUPPORT,PUBLIC_CASE_NOT_IMPORTABLE,PARTIAL,必须先问清商品是否收到、退款是否承诺，再锁定理由码,必须先问清商品是否收到、退款是否承诺，再锁定理由码,SRC-DRN-3125371,公开最终决定事实摘要；不推断未披露字段,,真实公开案例不进入CaseSampleRecord导入文件。
PUB-005,商品不符但已丢弃无法退回,PUBLIC_FINAL_DECISION,A-PUBLIC-FINAL,false,珠宝零售,实体商品,英国,25,GBP,MASTERCARD,NOT_DISCLOSED,PRODUCT_NOT_AS_DESCRIBED,消费者称收到的图案与下单不符，但因不适已处置商品,商户先以已送达反驳未收到；后续商品已无法退回,不符主张可能成立，但商品不再可供退回,FINAL_PUBLIC_DECISION,NOT_PURSUED,COMPLAINT_NOT_UPHELD,FOS_FINAL_DECISION,真实结果：未收到理由失败；不符理由因无法退货未继续,补问是否仍持有商品、是否已提出退货以及商户是否拒绝接收,PUBLIC_DECISION,BUSINESS,PUBLIC_CASE_NOT_IMPORTABLE,PARTIAL,补问是否仍持有商品、是否已提出退货以及商户是否拒绝接收,补问是否仍持有商品、是否已提出退货以及商户是否拒绝接收,SRC-DRN-5947106,公开最终决定事实摘要；不推断未披露字段,,真实公开案例不进入CaseSampleRecord导入文件。
PUB-006,咨询服务有合同与履行记录,PUBLIC_FINAL_DECISION,A-PUBLIC-FINAL,false,咨询服务,专业服务,英国,1199,GBP,NOT_DISCLOSED,NOT_DISCLOSED,PRODUCT_NOT_RECEIVED,消费者称未按约提供服务并认为被骗,商户提交长篇咨询服务履行证据，案件进入预仲裁,签署合同、沟通及交付记录共同证明服务已提供,FINAL_PUBLIC_DECISION,MERCHANT_PREVAILED,COMPLAINT_NOT_UPHELD,FOS_FINAL_DECISION,真实结果：预仲裁后拒付仍失败，临时退款收回,服务类不能只交合同，还要建立交付物与客户使用/沟通时间线,PUBLIC_DECISION,CUSTOMER_SUPPORT,PUBLIC_CASE_NOT_IMPORTABLE,PARTIAL,服务类不能只交合同，还要建立交付物与客户使用/沟通时间线,服务类不能只交合同，还要建立交付物与客户使用/沟通时间线,SRC-DRN-5250346,公开最终决定事实摘要；不推断未披露字段,,真实公开案例不进入CaseSampleRecord导入文件。
PUB-007,假酒店网站把款转给真实汇款服务,PUBLIC_FINAL_DECISION,A-PUBLIC-FINAL,false,旅游诈骗,资金转移服务,英国,596,GBP,NOT_DISCLOSED,NOT_DISCLOSED,PRODUCT_NOT_RECEIVED,消费者以为预订酒店，实际向汇款服务支付且酒店无预订,收款商户证明其受托的资金转移服务已完成,底层骗局存在，但被争议商户已完成其合同服务,FINAL_PUBLIC_DECISION,MERCHANT_PREVAILED,COMPLAINT_NOT_UPHELD,FOS_FINAL_DECISION,真实结果：汇款服务成功抗辩；申诉专员不要求银行赔付,区分消费者想买的东西、账单商户和实际被争议服务,PUBLIC_DECISION,CUSTOMER_SUPPORT,PUBLIC_CASE_NOT_IMPORTABLE,PARTIAL,区分消费者想买的东西、账单商户和实际被争议服务,区分消费者想买的东西、账单商户和实际被争议服务,SRC-DRN-4400167,公开最终决定事实摘要；不推断未披露字段,,真实公开案例不进入CaseSampleRecord导入文件。
PUB-008,假机票骗局中的汇款服务已履约,PUBLIC_FINAL_DECISION,A-PUBLIC-FINAL,false,旅游诈骗,资金转移服务,英国,99,GBP,NOT_DISCLOSED,NOT_DISCLOSED,PRODUCT_NOT_RECEIVED,消费者以为向旅行社付机票定金，实际通过汇款服务转账,汇款服务证明已按指令完成转移,机票未获得不代表汇款服务未提供,FINAL_PUBLIC_DECISION,MERCHANT_PREVAILED,COMPLAINT_NOT_UPHELD,FOS_FINAL_DECISION,真实结果：卡交易拒付失败；另有银行转账追索也未追回,建案时识别资金流中哪个主体是商户，避免把诈骗损失误映射为未履约,PUBLIC_DECISION,CUSTOMER_SUPPORT,PUBLIC_CASE_NOT_IMPORTABLE,PARTIAL,建案时识别资金流中哪个主体是商户，避免把诈骗损失误映射为未履约,建案时识别资金流中哪个主体是商户，避免把诈骗损失误映射为未履约,SRC-DRN-3728445,公开最终决定事实摘要；不推断未披露字段,,真实公开案例不进入CaseSampleRecord导入文件。
PUB-009,现金与刷卡定金退款归属不清,PUBLIC_FINAL_DECISION,A-PUBLIC-FINAL,false,汽车销售,定金,英国,500,GBP,NOT_DISCLOSED,NOT_DISCLOSED,CREDIT_NOT_PROCESSED,消费者称现金部分已退、刷卡部分未退,商户证明仅有一笔£500卡定金，且已向银行账户退款£500,双方对退款对应哪种支付方式存在矛盾，消费者无反证,FINAL_PUBLIC_DECISION,MERCHANT_PREVAILED,COMPLAINT_NOT_UPHELD,FOS_FINAL_DECISION,真实结果：商户抗辩后临时贷记被收回,混合支付必须逐笔关联支付介质、退款去向和金额，防止重复赔付,PUBLIC_DECISION,FINANCE,PUBLIC_CASE_NOT_IMPORTABLE,PARTIAL,混合支付必须逐笔关联支付介质、退款去向和金额，防止重复赔付,混合支付必须逐笔关联支付介质、退款去向和金额，防止重复赔付,SRC-DRN6563116,公开最终决定事实摘要；不推断未披露字段,,真实公开案例不进入CaseSampleRecord导入文件。
PUB-010,客人取消不可退酒店而酒店仍营业,PUBLIC_FINAL_DECISION,A-PUBLIC-FINAL,false,酒店旅游,住宿服务,英国,318.6,GBP,NOT_DISCLOSED,NOT_DISCLOSED,PRODUCT_NOT_RECEIVED,消费者因疫情与航班取消主动取消酒店,商户证明预订不可退且入住期间酒店可提供服务,是客人不能使用，而非商户取消或无法提供,FINAL_PUBLIC_DECISION,MERCHANT_PREVAILED,COMPLAINT_NOT_UPHELD,FOS_FINAL_DECISION,真实结果：商户抗辩成功，临时贷记收回,把商户取消、政府关闭、消费者取消分成不同事实路径,PUBLIC_DECISION,CUSTOMER_SUPPORT,PUBLIC_CASE_NOT_IMPORTABLE,PARTIAL,把商户取消、政府关闭、消费者取消分成不同事实路径,把商户取消、政府关闭、消费者取消分成不同事实路径,SRC-DRN-3004919,公开最终决定事实摘要；不推断未披露字段,,真实公开案例不进入CaseSampleRecord导入文件。
PUB-011,车辆质量争议因补证逾期与格式失败,PUBLIC_FINAL_DECISION,A-PUBLIC-FINAL,false,汽车销售,二手车,英国,2190,GBP,NOT_DISCLOSED,NOT_DISCLOSED,PRODUCT_NOT_AS_DESCRIBED,消费者称车辆存在试驾时未知问题并尝试退车,商户成功抗辩；消费者未在10天内补齐材料，通话录音格式未被接受,时限和文件格式使可能相关的证据无法进入审理,FINAL_PUBLIC_DECISION,MERCHANT_PREVAILED,COMPLAINT_NOT_UPHELD,FOS_FINAL_DECISION,真实结果：拒付失败，申诉专员认为银行处理合理,系统应在收件时检查格式、页数、可读性与截止时间，而非提交时才发现,PUBLIC_DECISION,BUSINESS,PUBLIC_CASE_NOT_IMPORTABLE,PARTIAL,系统应在收件时检查格式、页数、可读性与截止时间，而非提交时才发现,系统应在收件时检查格式、页数、可读性与截止时间，而非提交时才发现,SRC-DRN-3058378,公开最终决定事实摘要；不推断未披露字段,,真实公开案例不进入CaseSampleRecord导入文件。
PUB-012,旅行商倒闭、承接方与保险责任混乱,PUBLIC_FINAL_DECISION,A-PUBLIC-FINAL,false,邮轮旅游,旅行服务,英国,350,GBP,NOT_DISCLOSED,NOT_DISCLOSED,PRODUCT_NOT_RECEIVED,消费者为邮轮付定金，原商户倒闭后被要求向新公司再次支付全价,抗辩材料涉及承接方、电子货币账户、保险与ATOL，且责任主体混乱,正确商户、服务是否承接、应由保险还是拒付承担需要逐层核验,FINAL_PUBLIC_DECISION,MERCHANT_PREVAILED,COMPLAINT_UPHELD,FOS_FINAL_DECISION,真实结果：拒付未成功；申诉专员支持消费者并要求银行赔付及补偿,建立主体关系图和付款受益人校验，复杂案件强制人工复核,PUBLIC_DECISION,CUSTOMER_SUPPORT,PUBLIC_CASE_NOT_IMPORTABLE,PARTIAL,建立主体关系图和付款受益人校验，复杂案件强制人工复核,建立主体关系图和付款受益人校验，复杂案件强制人工复核,SRC-DRN-4403335,公开最终决定事实摘要；不推断未披露字段,,真实公开案例不进入CaseSampleRecord导入文件。
SYN-001,数字道具已消费后称未授权,RULE_DERIVED_SYNTHETIC,C-RULE-DERIVED,true,游戏,数字商品,GLOBAL-SYNTHETIC,,NOT_DISCLOSED,NOT_DISCLOSED,SYNTHETIC,FRAUD_CARD_NOT_PRESENT,玩家购买后24小时内消耗道具，随后否认交易,商户按FRAUD_CARD_NOT_PRESENT准备已有证据并等待人工决定,玩家购买后24小时内消耗道具，随后否认交易,SIMULATED_REVIEW,EXPECTED_WON,NOT_APPLICABLE,SIMULATED_EXPECTATION,模拟预期：EXPECTED_WON。3DS、账号登录和消耗日志形成同一时间线；人工核验账号是否被盗,3DS、账号登录和消耗日志形成同一时间线；人工核验账号是否被盗,DIGITAL_GOODS_CONSUMED,RISK,POLICY_REVIEW,PARTIAL,3DS、账号登录和消耗日志形成同一时间线；人工核验账号是否被盗,3DS、账号登录和消耗日志形成同一时间线；人工核验账号是否被盗,SRC-VISA-CE3,依据官方流程/证据原则构造；不是Oceanpayment真实规则或真实案件,won,纯合成案例；金额、人物、订单与结果均不对应真实交易。
SYN-002,家庭共享设备上的未成年人购买,RULE_DERIVED_SYNTHETIC,C-RULE-DERIVED,true,游戏,数字商品,GLOBAL-SYNTHETIC,,NOT_DISCLOSED,NOT_DISCLOSED,SYNTHETIC,FRAUD_CARD_NOT_PRESENT,持卡人称孩子未经允许在家庭平板充值,商户按FRAUD_CARD_NOT_PRESENT准备已有证据并等待人工决定,持卡人称孩子未经允许在家庭平板充值,SIMULATED_REVIEW,EXPECTED_LOST,NOT_APPLICABLE,SIMULATED_EXPECTATION,模拟预期：EXPECTED_LOST。设备匹配不等于持卡人授权；缺3DS时不应把家庭关系当作同意,设备匹配不等于持卡人授权；缺3DS时不应把家庭关系当作同意,SHARED_FAMILY_DEVICE,RISK,CONFLICT_OR_WEAK_EVIDENCE,PARTIAL,设备匹配不等于持卡人授权；缺3DS时不应把家庭关系当作同意,设备匹配不等于持卡人授权；缺3DS时不应把家庭关系当作同意,SRC-VISA-CE3,依据官方流程/证据原则构造；不是Oceanpayment真实规则或真实案件,lost,纯合成案例；金额、人物、订单与结果均不对应真实交易。
SYN-003,3DS通过但账户接管迹象明显,RULE_DERIVED_SYNTHETIC,C-RULE-DERIVED,true,电商,高价值电子品,GLOBAL-SYNTHETIC,,NOT_DISCLOSED,NOT_DISCLOSED,SYNTHETIC,FRAUD_CARD_NOT_PRESENT,3DS成功，但新设备、新地址且登录凭据疑似泄露,商户按FRAUD_CARD_NOT_PRESENT准备已有证据并等待人工决定,3DS成功，但新设备、新地址且登录凭据疑似泄露,SIMULATED_REVIEW,EXPECTED_PENDING,NOT_APPLICABLE,SIMULATED_EXPECTATION,模拟预期：EXPECTED_PENDING。责任转移与账户接管信号冲突，必须人工审查并保留风险决定,责任转移与账户接管信号冲突，必须人工审查并保留风险决定,CONTRADICTORY_FRAUD_SIGNALS,RISK,CONFLICT_OR_WEAK_EVIDENCE,PARTIAL,责任转移与账户接管信号冲突，必须人工审查并保留风险决定,责任转移与账户接管信号冲突，必须人工审查并保留风险决定,SRC-VISA-CE3,依据官方流程/证据原则构造；不是Oceanpayment真实规则或真实案件,pending,纯合成案例；金额、人物、订单与结果均不对应真实交易。
SYN-004,熟客突然否认周期性大额交易,RULE_DERIVED_SYNTHETIC,C-RULE-DERIVED,true,SaaS,企业软件,GLOBAL-SYNTHETIC,,NOT_DISCLOSED,NOT_DISCLOSED,SYNTHETIC,FRAUD_CARD_NOT_PRESENT,同卡连续正常支付一年后否认最新一笔，设备与历史一致,商户按FRAUD_CARD_NOT_PRESENT准备已有证据并等待人工决定,同卡连续正常支付一年后否认最新一笔，设备与历史一致,SIMULATED_REVIEW,EXPECTED_WON,NOT_APPLICABLE,SIMULATED_EXPECTATION,模拟预期：EXPECTED_WON。历史关系有帮助但不能替代认证；补齐登录与服务使用证明,历史关系有帮助但不能替代认证；补齐登录与服务使用证明,PRIOR_RELATIONSHIP,RISK,POLICY_REVIEW,PARTIAL,历史关系有帮助但不能替代认证；补齐登录与服务使用证明,历史关系有帮助但不能替代认证；补齐登录与服务使用证明,SRC-VISA-CE3,依据官方流程/证据原则构造；不是Oceanpayment真实规则或真实案件,won,纯合成案例；金额、人物、订单与结果均不对应真实交易。
SYN-005,包裹签收后在门口被盗,RULE_DERIVED_SYNTHETIC,C-RULE-DERIVED,true,电商,实体商品,GLOBAL-SYNTHETIC,,NOT_DISCLOSED,NOT_DISCLOSED,SYNTHETIC,PRODUCT_NOT_RECEIVED,承运商拍照妥投，消费者称回家时包裹已被盗,商户按PRODUCT_NOT_RECEIVED准备已有证据并等待人工决定,承运商拍照妥投，消费者称回家时包裹已被盗,SIMULATED_REVIEW,EXPECTED_WON,NOT_APPLICABLE,SIMULATED_EXPECTATION,模拟预期：EXPECTED_WON。先证明按约妥投；是否需签名取决于承诺、商品风险与适用规则,先证明按约妥投；是否需签名取决于承诺、商品风险与适用规则,PORCH_THEFT_AFTER_DELIVERY,CUSTOMER_SUPPORT,POLICY_REVIEW,PARTIAL,先证明按约妥投；是否需签名取决于承诺、商品风险与适用规则,先证明按约妥投；是否需签名取决于承诺、商品风险与适用规则,SRC-MC,依据官方流程/证据原则构造；不是Oceanpayment真实规则或真实案件,won,纯合成案例；金额、人物、订单与结果均不对应真实交易。
SYN-006,一个订单只发了三件中的两件,RULE_DERIVED_SYNTHETIC,C-RULE-DERIVED,true,电商,部分发货,GLOBAL-SYNTHETIC,,NOT_DISCLOSED,NOT_DISCLOSED,SYNTHETIC,PRODUCT_NOT_RECEIVED,订单三件商品，物流只证明两件送达，消费者争议全额,商户按PRODUCT_NOT_RECEIVED准备已有证据并等待人工决定,订单三件商品，物流只证明两件送达，消费者争议全额,SIMULATED_REVIEW,EXPECTED_PENDING,NOT_APPLICABLE,SIMULATED_EXPECTATION,模拟预期：EXPECTED_PENDING。按未交付部分计算争议金额，避免用部分送达反驳全部缺失,按未交付部分计算争议金额，避免用部分送达反驳全部缺失,PARTIAL_FULFILLMENT,CUSTOMER_SUPPORT,CONFLICT_OR_WEAK_EVIDENCE,PARTIAL,按未交付部分计算争议金额，避免用部分送达反驳全部缺失,按未交付部分计算争议金额，避免用部分送达反驳全部缺失,SRC-MC,依据官方流程/证据原则构造；不是Oceanpayment真实规则或真实案件,pending,纯合成案例；金额、人物、订单与结果均不对应真实交易。
SYN-007,虚拟课程已观看但称未收到,RULE_DERIVED_SYNTHETIC,C-RULE-DERIVED,true,在线教育,数字服务,GLOBAL-SYNTHETIC,,NOT_DISCLOSED,NOT_DISCLOSED,SYNTHETIC,PRODUCT_NOT_RECEIVED,课程账号已观看80%，但消费者称没有收到服务,商户按PRODUCT_NOT_RECEIVED准备已有证据并等待人工决定,课程账号已观看80%，但消费者称没有收到服务,SIMULATED_REVIEW,EXPECTED_WON,NOT_APPLICABLE,SIMULATED_EXPECTATION,模拟预期：EXPECTED_WON。数字服务以访问、观看和互动日志替代物流证据,数字服务以访问、观看和互动日志替代物流证据,SERVICE_USAGE,CUSTOMER_SUPPORT,POLICY_REVIEW,PARTIAL,数字服务以访问、观看和互动日志替代物流证据,数字服务以访问、观看和互动日志替代物流证据,SRC-MC,依据官方流程/证据原则构造；不是Oceanpayment真实规则或真实案件,won,纯合成案例；金额、人物、订单与结果均不对应真实交易。
SYN-008,商户取消酒店却只给代金券,RULE_DERIVED_SYNTHETIC,C-RULE-DERIVED,true,酒店旅游,住宿服务,GLOBAL-SYNTHETIC,,NOT_DISCLOSED,NOT_DISCLOSED,SYNTHETIC,PRODUCT_NOT_RECEIVED,酒店主动取消且无法提供住宿，只提供一年期代金券,商户按PRODUCT_NOT_RECEIVED准备已有证据并等待人工决定,酒店主动取消且无法提供住宿，只提供一年期代金券,SIMULATED_REVIEW,EXPECTED_LOST,NOT_APPLICABLE,SIMULATED_EXPECTATION,模拟预期：EXPECTED_LOST。商户无法履约与客人主动取消不同；若无现金退款依据，接受或退款更合理,商户无法履约与客人主动取消不同；若无现金退款依据，接受或退款更合理,MERCHANT_CANCELED,CUSTOMER_SUPPORT,CONFLICT_OR_WEAK_EVIDENCE,PARTIAL,商户无法履约与客人主动取消不同；若无现金退款依据，接受或退款更合理,商户无法履约与客人主动取消不同；若无现金退款依据，接受或退款更合理,SRC-MC,依据官方流程/证据原则构造；不是Oceanpayment真实规则或真实案件,lost,纯合成案例；金额、人物、订单与结果均不对应真实交易。
SYN-009,页面写真皮但收到人造革,RULE_DERIVED_SYNTHETIC,C-RULE-DERIVED,true,电商,实体商品,GLOBAL-SYNTHETIC,,NOT_DISCLOSED,NOT_DISCLOSED,SYNTHETIC,PRODUCT_NOT_AS_DESCRIBED,消费者提供开箱与材质检测，页面快照写真皮,商户按PRODUCT_NOT_AS_DESCRIBED准备已有证据并等待人工决定,消费者提供开箱与材质检测，页面快照写真皮,SIMULATED_REVIEW,EXPECTED_LOST,NOT_APPLICABLE,SIMULATED_EXPECTATION,模拟预期：EXPECTED_LOST。客观规格矛盾且消费者愿意退货，商户应接受退款或提供反证,客观规格矛盾且消费者愿意退货，商户应接受退款或提供反证,OBJECTIVE_MISDESCRIPTION,BUSINESS,CONFLICT_OR_WEAK_EVIDENCE,PARTIAL,客观规格矛盾且消费者愿意退货，商户应接受退款或提供反证,客观规格矛盾且消费者愿意退货，商户应接受退款或提供反证,SRC-MC,依据官方流程/证据原则构造；不是Oceanpayment真实规则或真实案件,lost,纯合成案例；金额、人物、订单与结果均不对应真实交易。
SYN-010,颜色轻微偏差但页面有显示器免责声明,RULE_DERIVED_SYNTHETIC,C-RULE-DERIVED,true,电商,实体商品,GLOBAL-SYNTHETIC,,NOT_DISCLOSED,NOT_DISCLOSED,SYNTHETIC,PRODUCT_NOT_AS_DESCRIBED,消费者称色差，商户页面注明不同屏幕可能有差异,商户按PRODUCT_NOT_AS_DESCRIBED准备已有证据并等待人工决定,消费者称色差，商户页面注明不同屏幕可能有差异,SIMULATED_REVIEW,EXPECTED_WON,NOT_APPLICABLE,SIMULATED_EXPECTATION,模拟预期：EXPECTED_WON。判断是否为实质不符，并证明交易时已披露合理差异,判断是否为实质不符，并证明交易时已披露合理差异,SUBJECTIVE_DIFFERENCE,BUSINESS,POLICY_REVIEW,PARTIAL,判断是否为实质不符，并证明交易时已披露合理差异,判断是否为实质不符，并证明交易时已披露合理差异,SRC-MC,依据官方流程/证据原则构造；不是Oceanpayment真实规则或真实案件,won,纯合成案例；金额、人物、订单与结果均不对应真实交易。
SYN-011,定制礼服尺寸不符但量体数据被改写,RULE_DERIVED_SYNTHETIC,C-RULE-DERIVED,true,服装定制,定制商品,GLOBAL-SYNTHETIC,,NOT_DISCLOSED,NOT_DISCLOSED,SYNTHETIC,PRODUCT_NOT_AS_DESCRIBED,成衣与确认尺寸不符，后台记录显示商户后改数据,商户按PRODUCT_NOT_AS_DESCRIBED准备已有证据并等待人工决定,成衣与确认尺寸不符，后台记录显示商户后改数据,SIMULATED_REVIEW,EXPECTED_LOST,NOT_APPLICABLE,SIMULATED_EXPECTATION,模拟预期：EXPECTED_LOST。必须保留下单时版本；事后修改页面或规格会削弱证据可信度,必须保留下单时版本；事后修改页面或规格会削弱证据可信度,VERSIONED_DESCRIPTION,BUSINESS,CONFLICT_OR_WEAK_EVIDENCE,PARTIAL,必须保留下单时版本；事后修改页面或规格会削弱证据可信度,必须保留下单时版本；事后修改页面或规格会削弱证据可信度,SRC-MC,依据官方流程/证据原则构造；不是Oceanpayment真实规则或真实案件,lost,纯合成案例；金额、人物、订单与结果均不对应真实交易。
SYN-012,软件承诺功能未上线但客户持续使用,RULE_DERIVED_SYNTHETIC,C-RULE-DERIVED,true,SaaS,数字服务,GLOBAL-SYNTHETIC,,NOT_DISCLOSED,NOT_DISCLOSED,SYNTHETIC,PRODUCT_NOT_AS_DESCRIBED,销售材料承诺关键功能，实际未上线；客户仍使用其他模块,商户按PRODUCT_NOT_AS_DESCRIBED准备已有证据并等待人工决定,销售材料承诺关键功能，实际未上线；客户仍使用其他模块,SIMULATED_REVIEW,EXPECTED_PENDING,NOT_APPLICABLE,SIMULATED_EXPECTATION,模拟预期：EXPECTED_PENDING。区分整体可用与关键承诺缺失，评估部分退款并人工复核,区分整体可用与关键承诺缺失，评估部分退款并人工复核,PARTIAL_SERVICE_VALUE,BUSINESS,CONFLICT_OR_WEAK_EVIDENCE,PARTIAL,区分整体可用与关键承诺缺失，评估部分退款并人工复核,区分整体可用与关键承诺缺失，评估部分退款并人工复核,SRC-MC,依据官方流程/证据原则构造；不是Oceanpayment真实规则或真实案件,pending,纯合成案例；金额、人物、订单与结果均不对应真实交易。
SYN-013,两次授权但只捕获一次,RULE_DERIVED_SYNTHETIC,C-RULE-DERIVED,true,电商,卡支付,GLOBAL-SYNTHETIC,,NOT_DISCLOSED,NOT_DISCLOSED,SYNTHETIC,DUPLICATE_PROCESSING,银行账单先显示两笔待入账，最终只有一笔完成,商户按DUPLICATE_PROCESSING准备已有证据并等待人工决定,银行账单先显示两笔待入账，最终只有一笔完成,SIMULATED_REVIEW,EXPECTED_WON,NOT_APPLICABLE,SIMULATED_EXPECTATION,模拟预期：EXPECTED_WON。授权冻结不是最终扣款；用授权/捕获状态解释并等待入账,授权冻结不是最终扣款；用授权/捕获状态解释并等待入账,DUPLICATE_AUTH_SINGLE_CAPTURE,TECHNICAL_SUPPORT,POLICY_REVIEW,PARTIAL,授权冻结不是最终扣款；用授权/捕获状态解释并等待入账,授权冻结不是最终扣款；用授权/捕获状态解释并等待入账,SRC-AIRWALLEX,依据官方流程/证据原则构造；不是Oceanpayment真实规则或真实案件,won,纯合成案例；金额、人物、订单与结果均不对应真实交易。
SYN-014,重试支付生成两笔捕获同一订单,RULE_DERIVED_SYNTHETIC,C-RULE-DERIVED,true,票务,卡支付,GLOBAL-SYNTHETIC,,NOT_DISCLOSED,NOT_DISCLOSED,SYNTHETIC,DUPLICATE_PROCESSING,网络超时后客户端重试，服务端缺幂等键导致两笔成功捕获,商户按DUPLICATE_PROCESSING准备已有证据并等待人工决定,网络超时后客户端重试，服务端缺幂等键导致两笔成功捕获,SIMULATED_REVIEW,EXPECTED_LOST,NOT_APPLICABLE,SIMULATED_EXPECTATION,模拟预期：EXPECTED_LOST。确认真实重复后主动退一笔并停止申诉,确认真实重复后主动退一笔并停止申诉,TRUE_DUPLICATE_CAPTURE,TECHNICAL_SUPPORT,CONFLICT_OR_WEAK_EVIDENCE,PARTIAL,确认真实重复后主动退一笔并停止申诉,确认真实重复后主动退一笔并停止申诉,SRC-AIRWALLEX,依据官方流程/证据原则构造；不是Oceanpayment真实规则或真实案件,lost,纯合成案例；金额、人物、订单与结果均不对应真实交易。
SYN-015,同金额两笔但对应两张不同订单,RULE_DERIVED_SYNTHETIC,C-RULE-DERIVED,true,外卖,实体服务,GLOBAL-SYNTHETIC,,NOT_DISCLOSED,NOT_DISCLOSED,SYNTHETIC,DUPLICATE_PROCESSING,同日同金额两笔，商品和收货时间不同,商户按DUPLICATE_PROCESSING准备已有证据并等待人工决定,同日同金额两笔，商品和收货时间不同,SIMULATED_REVIEW,EXPECTED_WON,NOT_APPLICABLE,SIMULATED_EXPECTATION,模拟预期：EXPECTED_WON。用订单内容、时间和履约分别证明，不只比较金额,用订单内容、时间和履约分别证明，不只比较金额,SAME_AMOUNT_DIFFERENT_ORDERS,TECHNICAL_SUPPORT,POLICY_REVIEW,PARTIAL,用订单内容、时间和履约分别证明，不只比较金额,用订单内容、时间和履约分别证明，不只比较金额,SRC-AIRWALLEX,依据官方流程/证据原则构造；不是Oceanpayment真实规则或真实案件,won,纯合成案例；金额、人物、订单与结果均不对应真实交易。
SYN-016,部分退款后消费者发起全额拒付,RULE_DERIVED_SYNTHETIC,C-RULE-DERIVED,true,电商,实体商品,GLOBAL-SYNTHETIC,,NOT_DISCLOSED,NOT_DISCLOSED,SYNTHETIC,CREDIT_NOT_PROCESSED,商户已退30%，消费者仍对100%发起争议,商户按CREDIT_NOT_PROCESSED准备已有证据并等待人工决定,商户已退30%，消费者仍对100%发起争议,SIMULATED_REVIEW,EXPECTED_PENDING,NOT_APPLICABLE,SIMULATED_EXPECTATION,模拟预期：EXPECTED_PENDING。核对剩余争议金额，防止重复退款并提交部分退款凭证,核对剩余争议金额，防止重复退款并提交部分退款凭证,PARTIAL_REFUND_FULL_CHARGEBACK,FINANCE,CONFLICT_OR_WEAK_EVIDENCE,PARTIAL,核对剩余争议金额，防止重复退款并提交部分退款凭证,核对剩余争议金额，防止重复退款并提交部分退款凭证,SRC-STRIPE-BEST,依据官方流程/证据原则构造；不是Oceanpayment真实规则或真实案件,pending,纯合成案例；金额、人物、订单与结果均不对应真实交易。
SYN-017,退款与拒付同时在途造成双重赔付,RULE_DERIVED_SYNTHETIC,C-RULE-DERIVED,true,旅游,旅行服务,GLOBAL-SYNTHETIC,,NOT_DISCLOSED,NOT_DISCLOSED,SYNTHETIC,CREDIT_NOT_PROCESSED,商户先发退款，隔日收到拒付；两条资金链同时处理中,商户按CREDIT_NOT_PROCESSED准备已有证据并等待人工决定,商户先发退款，隔日收到拒付；两条资金链同时处理中,SIMULATED_REVIEW,EXPECTED_WON,NOT_APPLICABLE,SIMULATED_EXPECTATION,模拟预期：EXPECTED_WON。冻结重复退款操作，关联原交易与退款ARN/状态，提示双重赔付风险,冻结重复退款操作，关联原交易与退款ARN/状态，提示双重赔付风险,REFUND_CHARGEBACK_COLLISION,FINANCE,POLICY_REVIEW,PARTIAL,冻结重复退款操作，关联原交易与退款ARN/状态，提示双重赔付风险,冻结重复退款操作，关联原交易与退款ARN/状态，提示双重赔付风险,SRC-STRIPE-BEST,依据官方流程/证据原则构造；不是Oceanpayment真实规则或真实案件,won,纯合成案例；金额、人物、订单与结果均不对应真实交易。
SYN-018,退款已发起但跨币种到账较慢,RULE_DERIVED_SYNTHETIC,C-RULE-DERIVED,true,跨境电商,实体商品,GLOBAL-SYNTHETIC,,NOT_DISCLOSED,NOT_DISCLOSED,SYNTHETIC,CREDIT_NOT_PROCESSED,退款完成后消费者因汇率与到账延迟称未收到,商户按CREDIT_NOT_PROCESSED准备已有证据并等待人工决定,退款完成后消费者因汇率与到账延迟称未收到,SIMULATED_REVIEW,EXPECTED_WON,NOT_APPLICABLE,SIMULATED_EXPECTATION,模拟预期：EXPECTED_WON。解释退款路径与币种差异，提交可追踪退款记录而非只给内部截图,解释退款路径与币种差异，提交可追踪退款记录而非只给内部截图,FX_AND_POSTING_DELAY,FINANCE,POLICY_REVIEW,PARTIAL,解释退款路径与币种差异，提交可追踪退款记录而非只给内部截图,解释退款路径与币种差异，提交可追踪退款记录而非只给内部截图,SRC-STRIPE-BEST,依据官方流程/证据原则构造；不是Oceanpayment真实规则或真实案件,won,纯合成案例；金额、人物、订单与结果均不对应真实交易。
SYN-019,取消发生在续订扣款后一秒,RULE_DERIVED_SYNTHETIC,C-RULE-DERIVED,true,SaaS,数字订阅,GLOBAL-SYNTHETIC,,NOT_DISCLOSED,NOT_DISCLOSED,SYNTHETIC,SUBSCRIPTION_CANCELED,系统扣款时间为10:00:00，取消提交为10:00:01,商户按SUBSCRIPTION_CANCELED准备已有证据并等待人工决定,系统扣款时间为10:00:00，取消提交为10:00:01,SIMULATED_REVIEW,EXPECTED_WON,NOT_APPLICABLE,SIMULATED_EXPECTATION,模拟预期：EXPECTED_WON。使用统一时区与服务器时间；同时检查条款是否清楚说明生效规则,使用统一时区与服务器时间；同时检查条款是否清楚说明生效规则,CANCELLATION_BOUNDARY,CUSTOMER_SUPPORT,POLICY_REVIEW,PARTIAL,使用统一时区与服务器时间；同时检查条款是否清楚说明生效规则,使用统一时区与服务器时间；同时检查条款是否清楚说明生效规则,SRC-STRIPE-BEST,依据官方流程/证据原则构造；不是Oceanpayment真实规则或真实案件,won,纯合成案例；金额、人物、订单与结果均不对应真实交易。
SYN-020,用户点取消但后台任务失败,RULE_DERIVED_SYNTHETIC,C-RULE-DERIVED,true,视频会员,数字订阅,GLOBAL-SYNTHETIC,,NOT_DISCLOSED,NOT_DISCLOSED,SYNTHETIC,SUBSCRIPTION_CANCELED,前端显示取消成功，后台消息失败仍续费,商户按SUBSCRIPTION_CANCELED准备已有证据并等待人工决定,前端显示取消成功，后台消息失败仍续费,SIMULATED_REVIEW,EXPECTED_LOST,NOT_APPLICABLE,SIMULATED_EXPECTATION,模拟预期：EXPECTED_LOST。以用户看到的确认和审计日志为准，主动退款并修复状态一致性,以用户看到的确认和审计日志为准，主动退款并修复状态一致性,CANCELLATION_STATE_DIVERGENCE,CUSTOMER_SUPPORT,CONFLICT_OR_WEAK_EVIDENCE,PARTIAL,以用户看到的确认和审计日志为准，主动退款并修复状态一致性,以用户看到的确认和审计日志为准，主动退款并修复状态一致性,SRC-STRIPE-BEST,依据官方流程/证据原则构造；不是Oceanpayment真实规则或真实案件,lost,纯合成案例；金额、人物、订单与结果均不对应真实交易。
SYN-021,免费试用转付费提醒进入垃圾邮箱,RULE_DERIVED_SYNTHETIC,C-RULE-DERIVED,true,健身应用,数字订阅,GLOBAL-SYNTHETIC,,NOT_DISCLOSED,NOT_DISCLOSED,SYNTHETIC,SUBSCRIPTION_CANCELED,用户未取消试用，条款明确转付费，提醒邮件未读,商户按SUBSCRIPTION_CANCELED准备已有证据并等待人工决定,用户未取消试用，条款明确转付费，提醒邮件未读,SIMULATED_REVIEW,EXPECTED_WON,NOT_APPLICABLE,SIMULATED_EXPECTATION,模拟预期：EXPECTED_WON。证明显著披露与同意；未读提醒本身不等于已取消,证明显著披露与同意；未读提醒本身不等于已取消,TRIAL_CONVERSION,CUSTOMER_SUPPORT,POLICY_REVIEW,PARTIAL,证明显著披露与同意；未读提醒本身不等于已取消,证明显著披露与同意；未读提醒本身不等于已取消,SRC-STRIPE-BEST,依据官方流程/证据原则构造；不是Oceanpayment真实规则或真实案件,won,纯合成案例；金额、人物、订单与结果均不对应真实交易。
SYN-022,离线交易在授权过期后捕获,RULE_DERIVED_SYNTHETIC,C-RULE-DERIVED,true,酒店,预授权,GLOBAL-SYNTHETIC,,NOT_DISCLOSED,NOT_DISCLOSED,SYNTHETIC,AUTHORIZATION_ERROR,入住预授权已过期，酒店数日后以旧授权捕获,商户按AUTHORIZATION_ERROR准备已有证据并等待人工决定,入住预授权已过期，酒店数日后以旧授权捕获,SIMULATED_REVIEW,EXPECTED_LOST,NOT_APPLICABLE,SIMULATED_EXPECTATION,模拟预期：EXPECTED_LOST。核对授权有效期与捕获链；无法证明有效授权时不要硬申诉,核对授权有效期与捕获链；无法证明有效授权时不要硬申诉,EXPIRED_AUTH_CAPTURE,PSP_SUPPORT,CONFLICT_OR_WEAK_EVIDENCE,PARTIAL,核对授权有效期与捕获链；无法证明有效授权时不要硬申诉,核对授权有效期与捕获链；无法证明有效授权时不要硬申诉,SRC-AIRWALLEX,依据官方流程/证据原则构造；不是Oceanpayment真实规则或真实案件,lost,纯合成案例；金额、人物、订单与结果均不对应真实交易。
SYN-023,金额调整超过原授权容差,RULE_DERIVED_SYNTHETIC,C-RULE-DERIVED,true,租车,增量授权,GLOBAL-SYNTHETIC,,NOT_DISCLOSED,NOT_DISCLOSED,SYNTHETIC,AUTHORIZATION_ERROR,最终扣款包含损坏费，未取得合规增量授权,商户按AUTHORIZATION_ERROR准备已有证据并等待人工决定,最终扣款包含损坏费，未取得合规增量授权,SIMULATED_REVIEW,EXPECTED_LOST,NOT_APPLICABLE,SIMULATED_EXPECTATION,模拟预期：EXPECTED_LOST。费用真实性与授权有效性是两件事；需补增量授权或接受争议,费用真实性与授权有效性是两件事；需补增量授权或接受争议,AMOUNT_ABOVE_AUTHORIZATION,PSP_SUPPORT,CONFLICT_OR_WEAK_EVIDENCE,PARTIAL,费用真实性与授权有效性是两件事；需补增量授权或接受争议,费用真实性与授权有效性是两件事；需补增量授权或接受争议,SRC-AIRWALLEX,依据官方流程/证据原则构造；不是Oceanpayment真实规则或真实案件,lost,纯合成案例；金额、人物、订单与结果均不对应真实交易。
SYN-024,客户撤诉但卡组织案件仍开放并晚反转,RULE_DERIVED_SYNTHETIC,C-RULE-DERIVED,true,电商,卡支付,GLOBAL-SYNTHETIC,,NOT_DISCLOSED,NOT_DISCLOSED,SYNTHETIC,AUTHORIZATION_ERROR,消费者称已联系银行撤诉，商户后台先显示胜诉后又反转,商户按AUTHORIZATION_ERROR准备已有证据并等待人工决定,消费者称已联系银行撤诉，商户后台先显示胜诉后又反转,SIMULATED_REVIEW,EXPECTED_PENDING,NOT_APPLICABLE,SIMULATED_EXPECTATION,模拟预期：EXPECTED_PENDING。客户口头撤诉不等于案件关闭；以正式状态和资金入账为准并持续监控,客户口头撤诉不等于案件关闭；以正式状态和资金入账为准并持续监控,WITHDRAWAL_LATE_WIN_REVERSAL,PSP_SUPPORT,CONFLICT_OR_WEAK_EVIDENCE,PARTIAL,客户口头撤诉不等于案件关闭；以正式状态和资金入账为准并持续监控,客户口头撤诉不等于案件关闭；以正式状态和资金入账为准并持续监控,SRC-AIRWALLEX,依据官方流程/证据原则构造；不是Oceanpayment真实规则或真实案件,pending,纯合成案例；金额、人物、订单与结果均不对应真实交易。
